motif_id	motif_alt_id	sequence_name	start	stop	strand	score	p-value	q-value	matched_sequence
MA0809.2	TEAD4	NC_000004.12	114371	114382	+	16.1009	2.61e-07	0.0617	CCACATTCCAGA
MA0809.2	TEAD4	NC_000004.12	105212	105223	-	13.5138	1.58e-05	0.621	GTACATTCCAAA
MA0809.2	TEAD4	NC_000004.12	100694	100705	-	13.1927	1.92e-05	0.621	TTGCATTCCAGC
MA0809.2	TEAD4	NC_000004.12	71342	71353	+	13.1193	2.02e-05	0.621	GAACATTCCAAT
MA0809.2	TEAD4	NC_000004.12	51288	51299	+	12.844	2.24e-05	0.621	AGACATTCCTGG
MA0809.2	TEAD4	NC_000004.12	70881	70892	-	12.1651	3.05e-05	0.621	ACAAATTCCAGA
MA0809.2	TEAD4	NC_000004.12	39568	39579	-	11.9908	3.36e-05	0.621	TAGCATTCCAAG
MA0809.2	TEAD4	NC_000004.12	4330	4341	-	11.844	3.74e-05	0.621	GCACATTCCTAA
MA0809.2	TEAD4	NC_000004.12	14013	14024	+	11.6972	4.13e-05	0.621	GGAAATTCCAGC
MA0809.2	TEAD4	NC_000004.12	109633	109644	-	11.6789	4.17e-05	0.621	AAGCATTCCATG
MA0809.2	TEAD4	NC_000004.12	55873	55884	+	11.4954	4.79e-05	0.621	TAGCATTCCACA
MA0809.2	TEAD4	NC_000004.12	17205	17216	+	11.2385	5.65e-05	0.621	GCACATGCCAGG
MA0809.2	TEAD4	NC_000004.12	39321	39332	-	11.2202	5.72e-05	0.621	GAAAATTCCAGA
MA0809.2	TEAD4	NC_000004.12	10322	10333	-	11.1835	5.87e-05	0.621	TAAAATTCCAGT
MA0809.2	TEAD4	NC_000004.12	117160	117171	-	11.1743	5.94e-05	0.621	CCAAATTCCAAT
MA0809.2	TEAD4	NC_000004.12	24789	24800	-	11.1193	6.07e-05	0.621	AGGCATTCCAAT
MA0809.2	TEAD4	NC_000004.12	77173	77184	+	11.0642	6.31e-05	0.621	CTAAATTCCATG
MA0809.2	TEAD4	NC_000004.12	8140	8151	-	11.0183	6.53e-05	0.621	TTAGATTCCAGC
MA0809.2	TEAD4	NC_000004.12	71487	71498	+	11	6.6e-05	0.621	CCCCATTCCAAG
MA0809.2	TEAD4	NC_000004.12	48367	48378	+	10.9358	6.91e-05	0.621	CCACATTGCAGC
MA0809.2	TEAD4	NC_000004.12	24733	24744	-	10.9358	6.91e-05	0.621	CCAGATTCCATG
MA0809.2	TEAD4	NC_000004.12	80992	81003	-	10.9358	6.91e-05	0.621	GAACATTCCTAA
MA0809.2	TEAD4	NC_000004.12	62064	62075	-	10.9083	7.03e-05	0.621	TTACATTCCTTT
MA0809.2	TEAD4	NC_000004.12	10367	10378	-	10.8532	7.29e-05	0.621	TTAAATTCCAAG
MA0809.2	TEAD4	NC_000004.12	16111	16122	-	10.7982	7.47e-05	0.621	CCACCTTCCAGC
MA0809.2	TEAD4	NC_000004.12	30748	30759	+	10.6789	8.04e-05	0.621	CGAAATTCCACA
MA0809.2	TEAD4	NC_000004.12	30947	30958	-	10.6606	8.15e-05	0.621	CTAAATTCCAAA
MA0809.2	TEAD4	NC_000004.12	113633	113644	-	10.6239	8.31e-05	0.621	TAAAATTCCATG
MA0809.2	TEAD4	NC_000004.12	89251	89262	+	10.5872	8.51e-05	0.621	TGAAATTCCATC
MA0809.2	TEAD4	NC_000004.12	66538	66549	-	10.5596	8.65e-05	0.621	CAAAATTCCACA
MA0809.2	TEAD4	NC_000004.12	72864	72875	-	10.5046	8.98e-05	0.621	AGTCATTCCAGA
MA0809.2	TEAD4	NC_000004.12	64020	64031	+	10.4862	9.11e-05	0.621	GCACATTCCCTA
MA0809.2	TEAD4	NC_000004.12	57520	57531	-	10.4771	9.15e-05	0.621	TCACCTTCCAGC
MA0809.2	TEAD4	NC_000004.12	121308	121319	+	10.4312	9.39e-05	0.621	TGTCATTCCAGT
MA0809.2	TEAD4	NC_000004.12	70472	70483	-	10.4312	9.39e-05	0.621	CAAAATTCCATA
MA0809.2	TEAD4	NC_000004.12	109019	109030	-	10.422	9.46e-05	0.621	TCAAATTCCTGG

# FIMO (Find Individual Motif Occurrences): Version 5.3.3 compiled on Mar 25 2021 at 22:32:00
# The format of this file is described at http://localhost:8080/doc/fimo-output-format.html.
# fimo temp.meme temp.fasta
